{"cameraMode":{"drawMode":0,"name":"Shaded","section":"Shading Mode"},"sceneLighting":false,"audioPlay":false,"sceneViewState":{"m_AlwaysRefresh":false,"showFog":true,"showSkybox":false,"showFlares":true,"showImageEffects":true,"showParticleSystems":true,"showVisualEffectGraphs":true,"m_FxEnabled":true},"in2DMode":false,"pivot":{"x":253.234619140625,"y":167.00177001953126,"z":1.00059974193573},"rotation":{"x":0.04731499403715134,"y":0.05241699889302254,"z":-0.0024862615391612055,"w":0.9975019097328186},"size":108.21078491210938,"orthographic":false}