{"cameraMode":{"drawMode":0,"name":"Shaded","section":"Shading Mode"},"sceneLighting":true,"audioPlay":false,"sceneViewState":{"m_AlwaysRefresh":false,"showFog":true,"showSkybox":true,"showFlares":true,"showImageEffects":true,"showParticleSystems":true,"showVisualEffectGraphs":true,"m_FxEnabled":true},"in2DMode":false,"pivot":{"x":180.12815856933595,"y":15.088056564331055,"z":27.627056121826173},"rotation":{"x":0.18699991703033448,"y":-0.005582227371633053,"z":0.0010799976298585535,"w":0.9823898673057556},"size":81.6076431274414,"orthographic":false}