{"cameraMode":{"drawMode":0,"name":"Shaded","section":"Shading Mode"},"sceneLighting":false,"audioPlay":false,"sceneViewState":{"m_AlwaysRefresh":false,"showFog":true,"showSkybox":false,"showFlares":true,"showImageEffects":true,"showParticleSystems":true,"showVisualEffectGraphs":true,"m_FxEnabled":true},"in2DMode":false,"pivot":{"x":407.7879333496094,"y":258.4099426269531,"z":25.318527221679689},"rotation":{"x":-0.0022178632207214834,"y":0.9974392056465149,"z":-0.0680299624800682,"w":-0.029602957889437677},"size":318.77313232421877,"orthographic":false}