{"cameraMode":{"drawMode":0,"name":"Shaded","section":"Shading Mode"},"sceneLighting":false,"audioPlay":false,"sceneViewState":{"m_AlwaysRefresh":false,"showFog":true,"showSkybox":false,"showFlares":true,"showImageEffects":true,"showParticleSystems":true,"showVisualEffectGraphs":true,"m_FxEnabled":true},"in2DMode":false,"pivot":{"x":407.7879333496094,"y":258.4099426269531,"z":25.318527221679689},"rotation":{"x":-0.026126084849238397,"y":0.1494007110595703,"z":0.0037762916181236507,"w":0.9886247515678406},"size":252.7075653076172,"orthographic":false}